spacer	pam	guide_strand	start	end	seed
TCAGAGTCAGCATGGGAATG	AGG	+	83065371	83065393	CATGGGAATG
TGGGAATGAGGTAGTGTTGT	AGG	+	83065383	83065405	GTAGTGTTGT
GAATGAGGTAGTGTTGTAGG	AGG	+	83065386	83065408	GTGTTGTAGG
TAGGAGGCAATTCTGCAAGC	AGG	+	83065402	83065424	TTCTGCAAGC
GAGGCAATTCTGCAAGCAGG	TGG	+	83065405	83065427	TGCAAGCAGG
CTTAACTGTAGTTCTGAATC	AGG	+	83065439	83065461	GTTCTGAATC
AACTGTAGTTCTGAATCAGG	AGG	+	83065442	83065464	CTGAATCAGG
GTAGTTCTGAATCAGGAGGA	AGG	+	83065446	83065468	ATCAGGAGGA
TACTTTTTAAAATTATCACA	AGG	+	83065584	83065606	AATTATCACA
ACTTTTTAAAATTATCACAA	GGG	+	83065585	83065607	ATTATCACAA
ATGTATATGTTTAATTTTAA	AGG	+	83065656	83065678	TTAATTTTAA
TTTGTCAGAAAAAAAAAGAA	TGG	+	83065783	83065805	AAAAAAAGAA
TTGTCAGAAAAAAAAAGAAT	GGG	+	83065784	83065806	AAAAAAGAAT
CATCCATGTTTTCAAATTAT	AGG	+	83065849	83065871	TTCAAATTAT
TCGACAGATCAGTTGAAAAA	TGG	+	83065876	83065898	AGTTGAAAAA
ACACTTTCATTATGATATGA	AGG	+	83065901	83065923	TATGATATGA
ATATGAAGGTATTTAATCAA	TGG	+	83065915	83065937	ATTTAATCAA
AGACACAAAATCCTGAAAAC	TGG	+	83065966	83065988	TCCTGAAAAC
GACACAAAATCCTGAAAACT	GGG	+	83065967	83065989	CCTGAAAACT
GGGAACATGCTAAATACAAA	TGG	+	83065987	83066009	TAAATACAAA
TAAATACAAATGGTATCTTA	AGG	+	83065997	83066019	TGGTATCTTA
TGAGATTTCCCTTTCCATGC	TGG	+	83066028	83066050	CTTTCCATGC
CTACTGTAAGTTCAACTAAA	AGG	+	83066084	83066106	TTCAACTAAA
AGTTCAACTAAAAGGATGAA	TGG	+	83066092	83066114	AAAGGATGAA
TGCTATGACTGTTTTGTGAA	AGG	+	83066189	83066211	GTTTTGTGAA
AAAGGATGAGAGCATCTCCC	TGG	+	83066207	83066229	AGCATCTCCC
AAGGATGAGAGCATCTCCCT	GGG	+	83066208	83066230	GCATCTCCCT
AGCATCTCCCTGGGCACTAT	TGG	+	83066217	83066239	TGGGCACTAT
TTGTGAAGTGTCACTGCATC	TGG	+	83066253	83066275	TCACTGCATC
TGTGAAGTGTCACTGCATCT	GGG	+	83066254	83066276	CACTGCATCT
TGTCACTGCATCTGGGATGC	AGG	+	83066261	83066283	TCTGGGATGC
GCAGGAAATCATCTTATAGC	AGG	+	83066279	83066301	ATCTTATAGC
TCTTATAGCAGGAAATAGTG	TGG	+	83066290	83066312	GGAAATAGTG
AGCAGGAAATAGTGTGGTTT	AGG	+	83066296	83066318	AGTGTGGTTT
TGTGTGTGTTTCCCTTATGT	TGG	+	83066346	83066368	TCCCTTATGT
TATGTTGGAACCAGTCCAGA	AGG	+	83066361	83066383	CCAGTCCAGA
CAGTCCAGAAGGAGAAGCTG	TGG	+	83066372	83066394	GGAGAAGCTG
CTTTCTCTCAAGACAATTTG	TGG	+	83066452	83066474	AGACAATTTG
AACTTGTAATTTTAACATGA	TGG	-	83066428	83066450	TTTAACATGA
TTAACATGATGGATATTTGA	AGG	-	83066417	83066439	GGATATTTGA
TATACCACAGCTTCTCCTTC	TGG	-	83066376	83066398	CTTCTCCTTC
CACAGCTTCTCCTTCTGGAC	TGG	-	83066371	83066393	CCTTCTGGAC
TCTGGACTGGTTCCAACATA	AGG	-	83066358	83066380	TTCCAACATA
CTGGACTGGTTCCAACATAA	GGG	-	83066357	83066379	TCCAACATAA
ACACACACACACATACACAG	AGG	-	83066330	83066352	ACATACACAG
CACACACACACATACACAGA	GGG	-	83066329	83066351	CATACACAGA
ACACACACATACACAGAGGG	CGG	-	83066326	83066348	ACACAGAGGG
CACACACATACACAGAGGGC	GGG	-	83066325	83066347	CACAGAGGGC
ACACACATACACAGAGGGCG	GGG	-	83066324	83066346	ACAGAGGGCG
CAGATGAACCAATAGTGCCC	AGG	-	83066225	83066247	AATAGTGCCC
AGATGAACCAATAGTGCCCA	GGG	-	83066224	83066246	ATAGTGCCCA
ACAGTCATAGCACAATTTTC	AGG	-	83066178	83066200	CACAATTTTC
CAGTGAGCAACAATAAAGTC	AGG	-	83066126	83066148	CAATAAAGTC
CTGAAAAAATGAAGCCAGCA	TGG	-	83066042	83066064	GAAGCCAGCA
AAAATGAAGCCAGCATGGAA	AGG	-	83066037	83066059	CAGCATGGAA
AAATGAAGCCAGCATGGAAA	GGG	-	83066036	83066058	AGCATGGAAA
TTAGCATGTTCCCAGTTTTC	AGG	-	83065977	83065999	CCCAGTTTTC
TCGCCTATAATTTGAAAACA	TGG	-	83065852	83065874	TTTGAAAACA
TTGAAAACATGGATGAAATA	AGG	-	83065841	83065863	GGATGAAATA
CATGGATGAAATAAGGTAAG	TGG	-	83065834	83065856	ATAAGGTAAG
AAATAAGGTAAGTGGTTTAT	AGG	-	83065826	83065848	AGTGGTTTAT
GGTTTATAGGACACATTTTG	TGG	-	83065813	83065835	ACACATTTTG
ATTCTTTTTTTTTCTGACAA	AGG	-	83065781	83065803	TTTCTGACAA
TGAGTACTAGACAATTACTT	AGG	-	83065624	83065646	ACAATTACTT
