region	type	region_position	reference	C3H
intron43	deletion	5982	TTC	-
intron43	substitution	18409	T	C
intron43	insertion	36106	-	C
intron43	insertion	36107	-	C
intron43	insertion	36108	-	TT
intron43	substitution	38416	T	C
intron43	substitution	49212	G	T
intron44	deletion	1195	A	-
intron44	substitution	2629	T	A
intron44	substitution	9745	T	C
intron44	insertion	10682	-	A
intron44	deletion	18663	GGG	-
intron44	substitution	22260	A	C
intron44	insertion	26287	-	TGTGTGTGTG
intron44	substitution	28072	T	C
intron44	substitution	29582	C	T
intron44	substitution	30434	A	T
intron44	deletion	30440	AC	-
intron44	deletion	32925	AT	-
intron44	deletion	34393	AC	-
intron44	insertion	34900	-	GT
intron44	insertion	34901	-	TC
intron44	substitution	36285	T	C
intron44	deletion	42527	AA	-
intron44	substitution	49715	T	C
intron44	substitution	49782	G	A
intron44	substitution	53264	A	T
intron44	insertion	53562	-	T
intron44	substitution	54850	G	T
intron44	insertion	56547	-	C
intron44	insertion	56548	-	C
intron44	insertion	56549	-	TT
intron44	deletion	57530	C	-
intron44	insertion	57781	-	ACACACAC
intron44	substitution	62446	C	T
intron44	deletion	67468	G	-
intron44	deletion	67470	G	-
intron44	deletion	67472	TT	-
intron44	substitution	74411	G	A
intron44	insertion	77434	-	T
intron44	deletion	77487	T	-
intron44	substitution	83456	G	A
intron44	insertion	86036	-	A
intron44	deletion	86891	T	-
intron44	substitution	88385	T	C
intron44	insertion	88885	-	T
intron44	substitution	92835	T	A
intron44	substitution	104745	T	C
intron44	insertion	105896	-	AA
intron44	substitution	108732	A	G
intron44	substitution	110239	C	A
intron44	substitution	111930	T	G
intron44	substitution	113182	T	C
intron44	insertion	114425	-	A
intron44	insertion	114602	-	AAA
intron44	insertion	114605	-	A
intron44	insertion	114610	-	G
intron44	insertion	114611	-	A
intron44	insertion	114628	-	A
intron44	insertion	114630	-	G
intron44	insertion	114731	-	G
intron44	insertion	114734	-	G
intron44	insertion	114735	-	AAAAAA
intron44	substitution	114797	T	G
intron44	insertion	114919	-	C
intron44	insertion	114923	-	C
intron44	insertion	114924	-	T
intron44	insertion	114926	-	TT
intron44	insertion	114928	-	T
intron44	insertion	116072	-	TTA
intron44	substitution	124831	G	C
intron44	substitution	124853	T	C
intron44	substitution	126013	T	C
intron44	deletion	130924	T	-
intron44	substitution	132330	A	C
intron44	substitution	133128	G	A
intron44	deletion	136974	TGGG	-
intron44	deletion	136982	CACC	-
intron44	deletion	136988	TCCTCC	-
intron44	deletion	136996	T	-
intron44	deletion	136998	CGG	-
intron44	deletion	137003	GGTGG	-
intron44	deletion	137009	CGGC	-
intron44	deletion	137018	CCGGCCCACAAAGGG	-
intron44	deletion	137034	G	-
intron44	deletion	137036	TG	-
intron44	deletion	137039	CTCA	-
intron44	deletion	137044	C	-
intron44	deletion	137046	CC	-
intron44	deletion	137050	TGTG	-
intron44	deletion	137055	TTCCCCCTGTTCC	-
intron44	deletion	137071	AG	-
intron44	deletion	137074	T	-
intron44	deletion	137076	TCA	-
intron44	deletion	137080	G	-
intron44	deletion	137082	TCTCT	-
intron44	deletion	137090	GCACCC	-
intron44	deletion	137097	CTCACCT	-
intron44	deletion	137105	TTCA	-
intron44	deletion	137110	A	-
intron44	deletion	137113	AATTTCCTAA	-
intron44	deletion	137125	TTGG	-
intron44	deletion	137130	GGGT	-
intron44	deletion	137136	CGGACCAAGA	-
intron44	deletion	137150	GA	-
intron44	deletion	137154	GCTGCTGCTGTGGCTT	-
intron44	deletion	137171	GGT	-
intron44	deletion	137175	GCCTCCCC	-
intron44	deletion	137184	GCCGGGCGGGC	-
intron44	deletion	137196	CCTGTCCTCCGGTCCGG	-
intron44	deletion	137214	A	-
intron44	deletion	137217	T	-
intron44	deletion	137219	GCCGGC	-
intron44	deletion	137227	T	-
intron44	deletion	137229	CCCGGCCCACACAGGG	-
intron44	deletion	137248	TG	-
intron44	deletion	137251	C	-
intron44	deletion	137256	CGCC	-
intron44	deletion	137261	CT	-
intron44	deletion	137264	TG	-
intron44	deletion	137267	TT	-
intron44	deletion	137271	G	-
intron44	deletion	137273	C	-
intron44	deletion	137277	TCCA	-
intron44	deletion	137282	AGG	-
intron44	deletion	137287	G	-
intron44	deletion	137290	AGGTT	-
intron44	deletion	137296	TCT	-
intron44	deletion	137300	G	-
intron44	deletion	137302	G	-
intron44	deletion	137304	ACCC	-
intron44	deletion	137309	CTCACCT	-
intron44	deletion	137320	AGA	-
intron44	deletion	137324	T	-
intron44	deletion	137326	ATTTCCTAA	-
intron44	deletion	137336	TTCGGCGGGTCCCGG	-
intron44	deletion	137352	CC	-
intron44	deletion	137355	A	-
intron44	deletion	137357	ATGG	-
intron44	deletion	137362	GACCGC	-
intron44	deletion	137370	C	-
intron44	deletion	137372	G	-
intron44	deletion	137374	TGTGGCTT	-
intron44	deletion	137385	CCGCC	-
intron44	deletion	137391	CCCCAGCCGGGCGGGCACC	-
intron44	deletion	137411	GT	-
intron44	deletion	137414	C	-
intron44	deletion	137417	CGG	-
intron44	deletion	137421	CCA	-
intron44	deletion	137425	AC	-
intron44	deletion	137428	GTGG	-
intron44	deletion	137433	T	-
intron44	deletion	137435	G	-
intron44	deletion	137437	TGTCCCCGGCCC	-
intron44	deletion	137451	AAAGGGTG	-
intron44	deletion	137460	TG	-
intron44	deletion	137463	C	-
intron44	deletion	137466	AG	-
intron44	deletion	137469	G	-
intron44	deletion	137471	CTCTGTGCTTCCGCCTGTTCC	-
intron44	deletion	137493	GAAG	-
intron44	deletion	137498	TGT	-
intron44	deletion	137502	AGG	-
intron44	deletion	137506	TCTCT	-
intron44	deletion	137512	GCGCACCC	-
intron44	deletion	137521	C	-
intron44	deletion	137525	CCT	-
intron44	deletion	137529	TTC	-
intron44	deletion	137533	GA	-
intron44	insertion	138210	-	C
intron44	deletion	139041	CACA	-
intron44	insertion	139992	-	T
intron44	substitution	141466	C	A
intron44	substitution	143210	G	T
intron44	insertion	147302	-	G
intron44	insertion	147303	-	G
intron44	insertion	147304	-	GTGTTT
intron44	insertion	147696	-	T
intron44	substitution	148684	T	A
intron44	deletion	155465	TTT	-
intron44	deletion	156484	TT	-
intron44	deletion	166378	T	-
intron44	substitution	175412	T	A
intron44	deletion	176176	T	-
intron44	deletion	176650	T	-
intron44	substitution	178316	G	A
intron44	substitution	181712	T	C
intron44	deletion	181920	AG	-
intron44	deletion	181931	TT	-
intron44	deletion	181934	AA	-
intron44	deletion	181937	T	-
intron44	substitution	181946	A	G
intron44	deletion	181964	ATATATATATATATAT	-
intron44	deletion	186450	AA	-
intron44	deletion	193800	C	-
intron44	substitution	195414	A	C
intron44	insertion	198307	-	T
intron44	insertion	198309	-	AAT
intron44	insertion	205327	-	C
intron44	insertion	205328	-	T
intron44	insertion	205329	-	T
intron44	insertion	205333	-	TT
intron44	insertion	205334	-	C
intron44	insertion	205357	-	C
intron44	insertion	205359	-	C
intron44	insertion	205360	-	TT
intron44	substitution	208506	G	A
intron44	substitution	211328	G	T
intron44	deletion	212753	G	-
intron44	deletion	212756	G	-
intron44	deletion	212758	AA	-
intron44	deletion	215397	C	-
intron44	substitution	234584	G	C
intron44	deletion	234632	G	-
intron44	deletion	234634	A	-
intron44	substitution	234759	A	G
intron44	substitution	234761	A	G
intron44	insertion	234807	-	GT
intron44	insertion	237188	-	TG
intron44	substitution	241990	C	G
intron44	substitution	248053	T	G
intron44	deletion	248054	AT	-
